,Collisions with Injury Rate - NYCT Bus,Customer Accident Injury Rate - NYCT Bus,Customer Injury Rate - Subways,Employee Lost Time and Restricted Duty Rate,Elevator Availability - Subways,Escalator Availability - Subways,Bus Passenger Wheelchair Lift Usage - NYCT Bus,% of Completed Trips - NYCT Bus,100th Street Depot - % of Completed Trips,126th Street Depot - % of Completed Trips,Casey Stengel Depot - % of Completed Trips,Castleton Depot - % of Completed Trips,Charleston Depot - % of Completed Trips,East New York Depot - % of Completed Trips,Flatbush Depot - % of Completed Trips,Fresh Pond Depot - % of Completed Trips,Grand Avenue Depot - % of Completed Trips,Gun Hill Depot - % of Completed Trips,Jackie Gleason Depot - % of Completed Trips,Jamaica Depot - % of Completed Trips,Kingsbridge Depot - % of Completed Trips,Manhattanville Depot - % of Completed Trips,Meredith Avenue Depot - % of Completed Trips,Michael J. Quill Depot - % of Completed Trips,Queens Village Depot - % of Completed Trips,Ulmer Park Depot - % of Completed Trips,West Farms Depot - % of Completed Trips,Yukon Depot - % of Completed Trips,Mean Distance Between Failures - NYCT Bus,Mean Distance Between Failures - Staten Island Railway,Mean Distance Between Failures - Subways,On-Time Performance - Staten Island Railway,On-Time Performance (Terminal),OTP (Terminal) - 1 Line,OTP (Terminal) - 2 Line,OTP (Terminal) - 3 Line,OTP (Terminal) - 4 Line,OTP (Terminal) - 5 Line,OTP (Terminal) - 6 Line,OTP (Terminal) - 7 Line,OTP (Terminal) - A Line,OTP (Terminal) - B Line,OTP (Terminal) - C Line,OTP (Terminal) - D Line,OTP (Terminal) - E Line,OTP (Terminal) - F Line,OTP (Terminal) - G Line,OTP (Terminal) - J Z Line,OTP (Terminal) - L Line,OTP (Terminal) - M Line,OTP (Terminal) - N Line,OTP (Terminal) - Q Line,OTP (Terminal) - R Line,OTP (Terminal) - S Fkln Line,OTP (Terminal) - S Line 42 St.,OTP (Terminal) - S Line Rock,Subway Wait Assessment,Subway Wait Assessment - 1 Line,Subway Wait Assessment - 2 Line,Subway Wait Assessment - 3 Line,Subway Wait Assessment - 4 Line,Subway Wait Assessment - 5 Line,Subway Wait Assessment - 6 Line,Subway Wait Assessment - 7 Line,Subway Wait Assessment - A Line,Subway Wait Assessment - B Line,Subway Wait Assessment - C Line,Subway Wait Assessment - D Line,Subway Wait Assessment - E Line,Subway Wait Assessment - F Line,Subway Wait Assessment - G Line,Subway Wait Assessment - J Z Line,Subway Wait Assessment - L Line,Subway Wait Assessment - M Line,Subway Wait Assessment - N Line,Subway Wait Assessment - Q Line,Subway Wait Assessment - R Line,Subway Wait Assessment - S 42 St,Subway Wait Assessment - S Fkln,Subway Wait Assessment - S Rock,"Wait Assessment - Subways (Inactive, Historic Calculations)",Total Paratransit Ridership - NYCT Bus,Total Ridership - NYCT Bus,Total Ridership - Subways
2008-1,,1.41,3.94,1.93,,,78259.00,99.37,99.16,99.50,99.51,99.18,,99.48,99.25,99.41,99.16,99.02,99.44,99.65,99.21,99.33,,99.58,99.50,99.59,99.38,99.13,4157.00,,148420.00,98.10,,,,,,,,,,,,,,,,,,,,,,,,,,,,,,,,,,,,,,,,,,,,,,,,,86.40,539952.00,60889506.00,130687792.00
2008-2,,1.09,3.65,2.33,,,69303.00,99.03,99.18,99.30,98.93,98.53,,99.48,99.30,98.93,98.87,98.64,99.10,99.49,98.66,99.33,,99.32,99.08,98.65,99.16,97.89,3912.00,186122.00,100513.00,98.50,,,,,,,,,,,,,,,,,,,,,,,,,,,,,,,,,,,,,,,,,,,,,,,,,85.90,513662.00,57631961.00,125878662.00
2008-3,,1.48,3.27,1.93,,,85971.00,99.31,99.04,99.35,99.48,99.10,,99.55,99.35,99.14,98.97,99.22,99.46,99.63,99.23,99.35,,99.45,99.53,99.37,99.04,99.00,4461.00,98097.00,144737.00,98.30,,,,,,,,,,,,,,,,,,,,,,,,,,,,,,,,,,,,,,,,,,,,,,,,,86.40,578303.00,64147814.00,137148128.00
2008-4,,1.41,3.29,1.81,,,93701.00,99.31,99.03,99.43,99.49,99.08,,99.63,99.49,99.32,99.07,99.37,99.56,99.67,99.11,99.28,,99.56,99.58,99.39,99.22,98.80,4183.00,195018.00,157804.00,97.80,,,,,,,,,,,,,,,,,,,,,,,,,,,,,,,,,,,,,,,,,,,,,,,,,85.80,590241.00,63701847.00,136528969.00
2008-5,,1.52,3.27,2.93,,,97707.00,99.20,99.04,99.40,99.49,98.31,,99.55,99.46,99.27,98.99,99.36,99.47,99.24,98.51,99.27,,99.56,99.13,99.33,99.07,98.49,4024.00,197335.00,133825.00,95.80,,,,,,,,,,,,,,,,,,,,,,,,,,,,,,,,,,,,,,,,,,,,,,,,,85.70,606000.00,65582363.00,140151863.00
2008-6,,1.57,3.12,2.70,,,98149.00,99.15,98.99,99.38,99.35,97.98,,99.62,99.42,99.32,99.19,99.24,99.53,99.50,98.66,99.16,,99.24,99.25,99.32,98.85,98.32,3203.00,193149.00,133694.00,95.00,,,,,,,,,,,,,,,,,,,,,,,,,,,,,,,,,,,,,,,,,,,,,,,,,86.40,611624.00,62609260.00,136670880.00
2008-7,,1.70,3.17,2.79,,,105998.00,99.38,99.15,99.35,99.58,99.14,,99.62,99.62,99.39,99.31,99.31,99.58,99.61,99.08,99.31,,99.43,99.29,99.58,99.29,98.95,3570.00,206478.00,124910.00,98.00,,,,,,,,,,,,,,,,,,,,,,,,,,,,,,,,,,,,,,,,,,,,,,,,,84.60,623065.00,61878187.00,137724560.00
2008-8,,1.37,3.05,2.70,,,114919.00,99.40,99.27,99.46,99.51,99.28,,99.64,99.55,99.45,99.37,99.13,99.66,99.59,99.16,99.38,,99.49,99.39,99.53,99.24,98.96,3940.00,103314.00,117993.00,96.80,,,,,,,,,,,,,,,,,,,,,,,,,,,,,,,,,,,,,,,,,,,,,,,,,86.70,620625.00,58465618.00,130906150.00
2008-9,,1.09,2.95,2.43,,,111037.00,99.38,99.08,99.33,99.55,99.11,,99.57,99.55,99.43,99.32,99.17,99.61,99.61,99.12,99.22,,99.47,99.34,99.54,99.44,99.09,3644.00,195025.00,127214.00,93.60,,,,,,,,,,,,,,,,,,,,,,,,,,,,,,,,,,,,,,,,,,,,,,,,,87.70,629666.00,64956000.00,138407478.00
2008-10,,1.63,2.71,2.48,,,109729.00,99.45,99.13,99.31,99.60,99.17,,99.63,99.63,99.59,99.42,99.32,99.59,99.63,99.35,99.33,,99.51,99.41,99.52,99.47,99.18,4129.00,102582.00,138127.00,93.30,,,,,,,,,,,,,,,,,,,,,,,,,,,,,,,,,,,,,,,,,,,,,,,,,86.80,679110.00,67390000.00,145276862.00
2008-11,,1.01,2.54,1.87,,,91205.00,99.42,99.18,99.35,99.66,99.24,,99.60,99.45,99.59,99.51,99.46,99.64,99.64,98.88,99.21,,99.52,99.40,99.68,99.33,99.03,4310.00,191566.00,140283.00,86.60,,,,,,,,,,,,,,,,,,,,,,,,,,,,,,,,,,,,,,,,,,,,,,,,,87.40,621643.00,59213000.00,128600655.00
2008-12,8.88,.95,3.74,2.86,96.30,92.90,93992.00,99.20,99.10,98.96,99.51,98.59,,99.63,99.33,99.51,99.39,99.11,99.51,99.41,98.91,99.23,,99.48,99.38,99.41,99.20,98.25,4000.00,101681.00,121264.00,93.30,,,,,,,,,,,,,,,,,,,,,,,,,,,,,,,,,,,,,,,,,,,,,,,,,89.50,629659.00,60348000.00,135899369.00
2009-1,8.44,.65,3.94,2.83,95.30,91.50,81528.00,99.36,99.02,99.21,99.49,99.39,,99.57,99.40,99.36,99.28,99.08,99.56,99.55,99.18,99.31,,99.39,99.47,99.58,99.16,99.19,3951.00,100331.00,132340.00,96.40,,,,,,,,,,,,,,,,,,,,,,,,,75.50,73.10,71.80,74.30,68.40,70.60,71.40,74.50,71.40,76.50,78.10,78.00,71.60,69.30,79.50,82.90,75.10,85.20,78.80,81.80,75.70,77.10,97.90,90.10,88.70,606882.00,58200405.00,126009217.00
2009-2,5.53,.98,3.52,2.43,97.00,93.00,83223.00,99.35,99.05,99.32,99.55,99.11,,99.58,99.61,99.37,99.19,99.20,99.54,99.49,99.15,99.16,,99.33,99.49,99.42,99.43,98.78,4216.00,88472.00,138178.00,94.50,,,,,,,,,,,,,,,,,,,,,,,,,75.70,73.10,71.90,74.80,68.30,70.40,71.70,74.40,71.20,76.80,77.70,77.90,71.10,68.80,79.20,83.50,75.50,85.70,79.00,82.30,76.10,77.20,96.20,91.50,88.50,621886.00,56959039.00,120462055.00
2009-3,5.02,.95,3.98,3.04,97.60,93.40,94313.00,99.16,99.04,99.16,99.12,98.79,,99.53,99.36,99.06,99.02,98.89,99.45,99.55,98.91,99.08,,99.32,99.50,99.03,99.09,98.59,4411.00,199283.00,150126.00,98.40,,,,,,,,,,,,,,,,,,,,,,,,,76.00,73.00,72.30,75.40,67.90,70.40,72.10,74.40,71.30,76.50,78.60,78.80,70.90,68.70,79.80,83.80,75.80,85.70,79.30,82.20,76.50,77.50,96.50,91.30,88.80,711242.00,65574537.00,136722849.00
2009-4,3.32,1.09,3.27,2.59,97.20,93.70,104548.00,99.20,98.78,99.07,99.34,99.22,,99.55,99.57,98.82,99.22,98.66,99.54,99.69,99.06,99.11,,99.44,99.25,99.36,99.29,98.92,4036.00,193335.00,147167.00,97.30,,,,,,,,,,,,,,,,,,,,,,,,,76.20,73.90,72.80,76.10,68.30,70.60,72.50,74.30,71.20,76.40,78.80,79.00,70.90,68.80,80.20,84.10,76.30,85.80,79.40,82.50,76.50,76.50,96.70,91.50,89.00,709187.00,62183189.00,133627175.00
2009-5,4.04,1.01,2.96,3.21,96.40,93.10,107601.00,98.57,97.20,98.12,98.60,97.92,,99.33,99.20,98.61,97.90,98.50,98.97,98.65,98.36,98.65,,99.16,98.38,98.51,98.45,97.90,3629.00,191957.00,185485.00,94.50,,,,,,,,,,,,,,,,,,,,,,,,,76.50,74.10,72.90,76.00,68.70,70.50,73.10,74.80,71.00,77.20,79.30,79.50,70.70,68.80,79.90,84.80,76.60,85.90,80.00,83.00,76.70,76.60,96.80,91.90,88.70,720319.00,63714187.00,133291045.00
2009-6,7.29,1.30,3.13,3.16,97.50,94.40,105199.00,98.71,97.95,98.26,98.91,97.99,,99.24,99.36,98.78,97.56,98.44,99.22,98.89,98.48,98.43,,99.15,98.84,99.01,98.88,98.00,3366.00,96398.00,175641.00,96.60,86.20,86.80,79.70,63.50,80.60,82.80,84.20,91.20,81.10,91.70,91.70,83.90,80.00,66.60,79.30,94.20,96.20,97.30,91.20,96.50,92.00,99.00,95.20,92.10,76.70,74.20,72.20,76.00,68.80,70.90,72.90,74.90,71.20,77.40,78.70,80.10,71.40,69.40,79.90,84.80,76.60,86.10,80.40,82.80,76.60,76.60,96.70,92.20,88.50,739509.00,61470181.00,134869386.24
2009-7,7.29,1.30,3.18,2.85,97.10,92.30,123659.00,99.01,98.67,99.01,98.98,99.06,,99.38,99.54,99.20,98.82,98.72,99.38,99.27,98.46,99.06,,99.21,99.27,98.75,98.67,98.43,3507.00,96539.00,134384.00,96.50,86.80,93.20,81.30,82.60,84.80,84.90,88.20,91.30,81.60,81.60,86.80,81.20,77.80,62.30,79.50,96.70,93.90,98.20,86.90,93.60,87.10,99.90,99.10,93.30,77.10,74.40,73.20,76.60,69.00,72.20,73.00,74.90,71.00,78.00,79.00,80.10,72.00,69.20,79.70,84.80,77.10,87.10,80.60,83.10,76.70,76.70,97.00,92.40,89.70,726927.00,58621866.00,132712155.00
2009-8,7.37,1.29,2.78,3.21,96.60,91.60,121022.00,99.03,98.62,98.89,99.23,99.08,,99.51,99.57,99.05,98.87,98.61,99.42,99.19,98.43,99.19,,99.32,99.32,98.58,98.91,98.07,3476.00,196474.00,118186.00,97.70,88.00,84.70,81.40,82.60,85.20,82.70,87.50,93.70,81.90,85.70,89.30,83.00,86.00,76.00,85.50,95.80,97.10,98.10,86.80,93.10,86.80,99.70,97.00,94.90,77.40,75.20,73.50,76.40,69.50,72.10,73.20,76.10,71.10,78.00,78.70,80.60,72.30,69.10,79.30,85.00,77.70,87.90,81.40,83.00,76.70,77.10,97.10,92.70,89.40,713008.00,55813560.00,124429585.00
2009-9,4.08,1.00,2.77,2.38,97.50,92.90,119164.00,99.23,99.11,99.45,99.38,99.17,,99.39,99.42,98.69,99.24,98.97,99.52,99.28,98.91,99.34,,99.27,99.43,99.15,99.32,98.95,4154.00,95292.00,159851.00,98.20,90.50,93.90,79.70,78.60,83.00,85.70,89.50,94.60,84.90,93.30,93.10,80.40,90.00,78.30,94.80,98.40,97.70,98.80,90.70,95.90,92.60,99.90,98.90,97.60,77.70,75.60,73.90,76.90,70.10,71.80,74.00,75.80,71.10,78.00,78.90,80.50,72.50,69.70,79.80,85.10,78.00,87.90,82.10,82.90,76.90,77.30,97.20,92.60,89.50,736830.00,61277073.00,132849077.00
2009-10,7.31,1.44,2.80,2.23,98.50,93.90,114059.00,99.29,98.87,99.35,99.47,99.17,,99.47,99.35,99.21,99.06,99.27,99.41,99.45,98.95,99.31,,99.33,99.46,99.28,99.40,99.08,4221.00,200731.00,173800.00,93.20,88.10,92.60,73.10,79.80,78.80,76.80,89.60,94.40,79.40,89.90,91.00,77.60,91.60,77.10,87.70,98.60,94.70,99.30,86.90,93.60,89.60,99.20,99.60,93.50,77.90,75.50,74.20,77.60,70.60,71.30,74.10,75.80,71.20,78.10,78.70,80.50,73.90,70.00,80.00,85.60,77.70,87.20,81.80,82.90,77.50,76.90,97.00,92.60,88.60,769795.00,65187884.00,140665575.00
2009-11,6.02,1.08,2.78,1.92,94.80,94.20,111792.00,99.33,99.10,99.29,99.40,99.33,,99.40,99.50,99.20,99.04,99.29,99.50,99.52,99.21,99.37,,99.41,99.37,99.61,99.01,99.10,4647.00,49433.00,189553.00,87.00,91.10,95.60,80.30,84.10,85.50,84.60,89.90,95.30,84.30,96.30,91.50,86.90,87.90,84.20,96.30,98.50,95.00,98.40,90.80,96.70,89.20,99.70,99.20,96.30,78.10,76.00,74.30,77.50,70.90,71.60,73.30,76.10,70.90,77.90,78.60,80.80,74.00,69.90,80.20,86.10,78.40,87.60,82.20,83.30,78.10,76.50,96.90,92.40,90.10,714290.00,59500722.00,129582208.00
2009-12,6.59,1.05,3.55,2.38,95.70,93.80,92554.00,99.01,98.80,98.97,99.25,98.53,,99.13,99.18,99.24,98.63,98.96,99.23,99.29,98.63,99.26,,99.08,99.23,99.26,98.93,98.16,3891.00,203257.00,171752.00,96.20,90.60,91.70,80.30,82.30,84.60,86.80,87.90,94.00,83.30,93.70,92.80,82.10,90.80,82.70,93.10,98.70,96.30,98.50,89.10,96.90,91.70,99.80,99.80,95.10,78.10,76.30,74.30,77.20,71.40,71.60,73.00,76.10,70.60,78.10,78.80,80.60,74.00,70.10,80.00,86.00,77.80,87.70,82.00,82.80,78.00,77.60,97.10,92.50,88.50,720372.00,57968949.00,134646273.00
2010-1,4.86,.90,3.13,1.81,97.00,93.60,85194.00,99.30,99.29,99.35,99.59,99.28,,99.45,99.51,99.39,98.53,99.08,99.57,99.54,99.07,99.40,99.10,99.39,99.47,99.00,98.97,99.32,4348.00,193979.00,179692.00,96.40,91.10,93.50,83.50,83.10,83.80,87.70,90.40,92.20,86.50,94.80,93.90,87.40,89.30,81.70,89.30,98.90,96.20,99.00,93.40,95.50,90.50,99.90,99.70,97.50,78.20,76.50,74.20,77.80,72.00,71.00,73.20,76.10,70.70,78.20,78.90,80.40,74.30,69.90,80.70,86.30,77.90,88.00,82.20,82.80,78.00,77.80,97.10,92.60,89.70,710075.00,55536876.00,124453847.00
2010-2,5.07,.90,3.41,1.84,97.70,95.30,69904.00,98.25,98.60,99.12,98.53,96.93,,98.52,99.09,98.04,97.62,98.35,98.80,98.66,97.57,99.11,94.38,99.08,98.57,96.58,98.19,95.51,4234.00,178055.00,186298.00,95.70,88.30,90.70,82.00,83.30,82.20,83.00,87.20,87.80,83.10,86.50,91.20,79.60,88.50,81.00,89.20,95.60,96.20,96.30,87.30,90.90,88.40,97.50,99.80,94.70,78.40,77.10,73.90,78.20,72.80,71.60,73.10,76.20,71.20,78.00,79.70,80.60,74.70,70.40,81.00,86.10,77.30,87.80,82.40,82.20,77.80,78.50,97.40,92.80,90.60,610656.00,50967260.00,116642180.00
2010-3,4.60,.86,2.96,2.11,97.00,94.10,97207.00,98.62,98.72,99.09,98.99,98.77,,98.77,99.11,98.13,98.26,98.36,98.97,99.25,97.75,98.75,97.87,98.41,99.29,98.00,98.10,98.96,3982.00,200595.00,213410.00,96.30,91.30,92.20,87.40,89.10,83.50,88.20,88.40,94.10,86.40,94.60,93.60,88.30,86.10,84.10,94.00,99.10,96.30,99.20,90.90,95.50,89.30,99.90,99.90,98.00,78.50,77.10,74.10,77.80,74.00,71.90,73.20,75.70,71.00,78.20,79.60,80.30,75.30,70.60,81.40,86.50,76.90,88.00,82.60,82.20,77.60,78.50,97.40,93.10,90.60,808304.00,63734422.00,141694962.00
2010-4,7.87,.99,2.56,2.16,97.00,94.10,108958.00,97.99,98.87,98.49,98.47,97.22,,97.90,98.53,97.13,97.60,97.96,98.87,98.27,97.11,99.07,98.32,98.05,97.97,97.77,96.96,97.93,4006.00,192677.00,210439.00,96.60,90.30,89.40,79.00,85.70,79.30,84.50,84.20,94.90,88.30,94.40,94.20,86.80,86.90,84.20,92.60,98.80,96.80,98.80,92.20,96.10,90.80,99.80,99.80,95.90,78.60,76.90,73.90,77.70,74.50,71.70,73.40,75.60,71.30,78.20,79.60,80.40,75.60,70.50,81.40,86.10,76.80,87.50,82.70,82.10,77.70,79.90,97.50,93.20,88.80,781502.00,61770630.00,137493648.00
2010-5,7.52,1.08,2.96,1.93,97.20,92.60,111468.00,96.71,96.64,97.32,97.58,96.76,,97.07,97.52,96.45,96.84,96.40,96.99,96.89,94.80,97.14,95.82,96.31,96.64,96.52,96.39,96.82,3661.00,192103.00,187140.00,98.60,89.30,90.50,79.90,89.00,79.50,84.20,86.20,90.40,84.80,92.10,93.70,85.80,87.20,79.20,92.60,97.20,93.50,97.80,88.60,94.20,89.80,100.00,100.00,96.70,78.70,76.90,74.40,77.60,75.10,72.40,73.20,75.40,71.50,77.80,79.70,79.70,75.80,71.30,82.00,85.40,76.60,87.30,81.90,81.60,77.80,80.30,97.60,92.70,90.60,778103.00,61939306.00,136783505.00
2010-6,10.42,1.20,2.94,3.08,97.70,91.10,120147.00,96.12,95.78,97.47,97.24,96.34,,96.69,96.50,95.88,95.32,95.44,96.29,96.45,94.09,96.07,97.68,96.15,96.28,96.37,95.68,96.38,3419.00,193555.00,159454.00,94.20,88.20,91.80,70.50,74.40,74.10,80.50,83.50,92.10,87.00,92.20,93.20,90.90,83.30,80.00,95.80,96.80,97.30,92.30,89.60,94.60,89.40,100.00,100.00,97.10,78.80,77.30,74.30,77.90,74.60,72.20,73.50,74.60,71.40,77.50,80.60,79.30,75.90,71.60,82.50,85.50,76.40,87.80,81.40,81.60,78.10,81.30,97.80,92.50,89.00,803275.00,60096854.00,137776559.00
2010-7,8.50,1.01,2.31,3.39,97.40,90.60,112942.00,98.45,97.14,98.17,99.33,99.12,,99.15,98.56,98.60,97.80,97.90,98.62,99.47,97.98,97.99,97.36,98.79,98.85,97.49,98.05,98.07,3012.00,195185.00,126376.00,94.00,86.30,91.80,74.60,73.20,75.80,80.80,78.60,89.20,86.90,91.90,83.50,91.10,84.00,78.10,91.20,97.20,93.40,88.90,80.70,87.90,90.20,99.70,100.00,97.40,79.20,75.30,71.80,77.10,72.70,72.00,73.30,74.40,71.20,77.80,80.30,79.50,75.70,72.00,83.00,85.90,76.50,87.30,81.20,81.40,78.00,82.20,97.80,92.60,78.80,750876.00,56288501.00,131462116.00
2010-8,10.40,1.33,2.91,3.49,97.00,92.40,120609.00,98.86,97.69,98.76,99.39,99.13,,99.20,99.30,98.64,97.12,98.08,97.81,99.21,98.24,97.82,98.00,98.44,98.91,97.15,98.43,98.48,3410.00,199720.00,146705.00,96.90,87.60,89.90,70.70,75.80,75.60,76.90,82.80,92.50,86.60,90.60,90.80,90.40,88.50,82.30,93.90,97.90,94.00,93.00,84.90,89.00,90.60,99.80,100.00,97.00,79.10,75.60,71.70,77.10,73.40,71.90,74.60,74.20,71.00,77.60,80.40,79.00,75.80,72.30,83.50,85.70,76.30,86.60,80.40,81.00,78.20,81.70,97.80,92.30,,773265.00,54888218.00,129614344.00
2010-9,7.64,1.07,2.15,3.54,96.30,91.30,114618.00,99.13,98.31,99.68,99.67,99.58,,99.61,99.44,99.30,98.92,99.13,98.79,99.51,99.10,98.89,98.71,99.14,99.27,98.13,98.51,98.97,3554.00,189232.00,148004.00,96.50,86.00,84.10,69.30,72.90,77.30,77.60,82.30,88.70,87.60,91.00,91.30,91.90,85.40,82.50,91.30,96.70,95.10,90.40,78.40,81.90,88.60,99.80,99.40,97.30,78.90,74.60,72.40,76.00,74.40,71.90,75.50,74.10,71.00,77.30,80.40,79.40,75.90,71.70,83.20,85.90,75.80,84.80,79.30,80.10,78.60,81.60,97.90,92.40,,759163.00,58849746.00,134616599.00
2010-10,8.44,.98,2.11,2.34,96.90,90.70,114374.00,98.80,98.74,98.80,99.42,98.93,,99.33,98.91,98.29,99.00,98.71,98.86,99.45,98.77,98.25,98.31,98.93,99.07,97.60,98.48,98.56,3774.00,194372.00,176252.00,94.60,,,,,,,,,,,,,,,,,,,,,,,,,78.60,75.00,70.60,76.40,72.20,69.10,74.40,74.10,71.20,77.20,80.60,79.50,75.70,72.00,83.40,85.70,76.20,84.10,78.80,79.60,78.20,82.40,98.20,92.50,,808284.00,61953116.00,142062724.00
2010-11,7.88,.93,2.99,3.05,97.30,92.30,105290.00,98.83,98.60,99.10,99.43,99.08,,99.39,98.73,98.18,98.36,98.77,98.38,99.43,98.84,98.51,98.61,99.17,99.00,98.01,98.46,98.98,3723.00,199486.00,208109.00,89.00,87.40,85.20,74.00,76.40,74.00,77.00,81.20,89.30,88.60,95.40,94.00,93.80,87.50,83.70,95.10,97.50,98.20,93.80,75.30,88.10,89.30,99.80,99.40,97.50,79.10,73.90,71.70,77.70,73.70,71.90,78.50,74.20,71.70,77.20,81.20,79.40,75.40,72.70,83.90,85.40,75.80,83.10,78.80,79.00,78.30,81.90,98.40,93.00,,747444.00,58061221.00,135692863.00
2010-12,8.88,.74,4.02,3.51,97.20,92.70,84280.00,97.12,96.61,97.17,97.54,95.75,94.43,98.18,97.71,97.03,97.40,97.90,95.66,99.08,96.65,96.24,94.26,97.65,96.37,95.22,97.49,97.32,3345.00,195282.00,165152.00,94.00,,,,,,,,,,,,,,,,,,,,,,,,,77.90,70.20,66.10,72.40,67.90,65.50,71.70,74.10,72.20,78.10,81.70,79.60,75.90,73.10,84.60,85.40,76.70,82.90,78.30,79.10,78.30,82.20,98.10,92.70,,52824798.00,50743111.00,135904672.22
2011-1,4.03,.95,3.64,3.49,96.50,91.60,64859.00,97.67,96.69,98.08,98.45,97.82,94.43,98.26,98.08,95.75,97.42,97.64,97.98,98.52,97.75,97.76,98.17,97.36,97.52,97.46,97.44,97.07,3421.00,202809.00,193371.00,93.90,83.50,90.80,67.40,74.90,64.60,63.70,71.90,83.40,83.30,83.00,95.30,87.20,90.10,87.00,92.60,96.10,95.20,89.20,73.60,80.40,85.80,97.00,99.10,93.90,78.00,75.90,69.60,75.10,70.10,67.20,65.80,74.30,72.10,78.00,81.60,79.80,76.00,73.20,84.10,84.90,77.00,82.30,77.50,78.80,78.00,82.10,98.10,92.90,,615733.00,50743111.00,126714693.00
2011-2,3.02,.86,3.25,3.07,96.70,91.80,74318.00,97.86,97.66,97.74,98.88,98.46,96.17,98.30,99.17,95.77,96.96,97.23,98.01,98.36,97.77,97.78,98.75,97.95,97.69,97.65,97.80,98.73,3442.00,93626.00,188717.00,97.90,84.50,91.90,69.10,72.00,68.90,73.40,74.30,82.40,81.60,85.80,90.70,87.10,85.30,83.10,94.50,95.90,94.60,89.40,80.80,86.30,89.90,99.80,99.70,95.10,78.80,77.30,71.90,76.30,72.00,71.50,74.40,74.40,72.40,78.00,81.40,79.80,75.80,72.60,84.30,84.10,77.60,82.10,77.00,78.60,78.10,81.90,97.90,92.70,,664542.00,50216572.00,123148197.00
2011-3,4.41,1.33,2.85,2.91,96.70,93.10,97340.00,98.04,97.59,97.87,98.57,98.34,97.49,98.59,98.51,96.93,97.84,97.04,98.11,98.98,98.14,97.30,98.78,98.12,98.56,97.95,97.82,98.63,3471.00,210778.00,192527.00,95.80,86.40,92.00,72.30,71.80,71.50,74.50,82.60,82.60,84.80,89.70,92.80,89.50,88.30,84.90,93.80,98.20,96.60,92.70,80.10,89.30,88.10,98.20,98.90,95.70,78.90,78.30,72.40,76.10,72.90,71.40,76.90,74.70,72.80,77.60,81.20,79.80,75.30,73.30,83.50,83.50,78.80,81.40,76.30,78.30,78.60,82.30,97.90,92.80,,834068.00,61735281.00,144992308.00
2011-4,8.16,.95,3.03,2.53,96.00,92.90,100156.00,98.27,97.65,97.75,98.86,98.31,97.30,98.44,98.86,98.02,97.39,97.99,98.26,98.35,98.63,97.95,98.72,98.31,98.42,98.73,98.26,98.07,3734.00,200300.00,219564.00,96.10,86.70,90.50,71.90,75.70,67.20,65.80,80.20,85.70,86.60,90.80,94.70,91.40,90.30,88.20,93.80,97.80,97.10,92.40,81.70,90.60,89.50,98.50,99.40,97.80,78.90,78.60,73.80,77.10,72.20,70.30,75.50,75.00,72.50,77.90,81.40,79.70,75.40,73.70,83.00,83.60,79.10,80.90,76.10,77.90,78.60,82.20,97.70,92.90,,762463.00,55612772.00,134759291.00
2011-5,5.62,1.21,2.58,3.02,95.60,93.80,111560.00,97.67,96.75,97.81,98.64,97.42,96.75,98.44,97.75,97.19,97.01,97.05,97.24,97.69,97.91,97.90,98.54,97.97,97.06,98.14,97.96,96.86,3143.00,204855.00,236322.00,95.00,85.60,91.30,62.40,75.60,65.20,61.80,83.40,90.40,89.30,90.10,91.60,87.00,88.60,83.40,93.00,97.30,95.90,91.10,80.70,85.40,87.80,99.50,98.90,97.50,78.60,78.10,69.20,75.90,72.70,66.20,77.60,74.90,72.60,78.00,81.10,80.00,75.50,73.50,82.70,84.10,79.60,80.30,76.10,77.90,78.50,82.50,97.60,93.50,,779103.00,59422831.00,140211645.00
2011-6,9.35,1.42,2.38,3.86,96.00,92.90,122661.00,97.87,97.02,97.66,98.42,98.44,96.33,98.60,98.30,97.70,97.75,98.05,97.98,98.06,97.42,98.03,97.44,98.10,96.25,98.55,97.94,96.96,2984.00,194426.00,158611.00,95.70,85.50,89.20,70.40,74.50,70.60,71.30,78.70,87.40,85.60,89.60,91.20,89.00,87.00,83.10,92.90,96.70,94.70,90.70,79.10,86.10,88.50,97.80,99.20,94.80,78.80,77.40,72.70,76.40,72.70,70.30,74.40,75.90,73.20,78.40,80.90,80.40,75.60,73.70,82.20,84.10,80.10,80.00,76.20,77.60,77.70,82.30,97.50,93.60,,788982.00,57107762.00,146943606.00
2011-7,7.87,1.25,2.97,3.84,96.50,93.60,126031.00,98.32,97.37,98.25,98.52,98.19,97.44,98.84,98.54,98.23,98.31,97.67,98.79,98.96,98.06,98.72,97.09,98.24,98.73,98.44,98.03,97.33,2807.00,95482.00,123972.00,98.40,86.00,90.60,70.70,80.00,74.80,73.00,84.70,91.70,79.30,88.90,83.80,86.60,84.60,77.00,93.50,95.80,95.30,89.30,83.00,86.90,88.00,98.80,98.70,95.30,78.90,77.30,71.70,76.50,73.00,71.90,74.20,76.20,73.50,78.80,81.00,79.90,75.00,73.10,81.60,84.50,80.40,79.70,75.90,77.90,78.40,82.70,97.30,93.60,,734251.00,52969610.00,131188482.00
2011-8,12.61,1.37,2.64,3.43,96.40,93.90,123277.00,98.17,96.19,98.11,98.20,98.15,96.80,98.84,98.44,98.57,98.40,97.82,98.54,98.92,98.27,97.67,97.42,97.90,98.38,98.31,98.10,97.76,2988.00,195265.00,126665.00,95.50,85.70,92.80,70.60,80.10,71.00,68.50,85.10,89.40,78.20,86.30,87.00,85.80,86.20,81.90,94.90,93.80,96.20,89.50,81.10,85.70,84.90,98.70,98.60,94.10,79.10,79.50,73.50,77.00,73.50,70.60,74.50,76.20,73.30,78.70,80.90,79.40,73.80,73.60,82.20,84.20,80.60,78.60,77.00,79.00,78.60,83.90,96.80,93.30,,705151.00,50284616.00,128020545.00
2011-9,7.01,1.08,2.76,3.18,96.40,93.90,116443.00,98.27,96.32,98.25,98.46,98.39,97.90,98.55,98.59,98.09,98.29,98.24,98.58,98.54,98.51,98.19,98.69,98.26,98.04,98.60,98.09,97.67,3144.00,104533.00,154500.00,94.10,84.50,85.80,67.20,74.90,70.00,68.80,84.30,89.80,80.10,81.90,86.30,86.10,84.60,74.60,97.00,97.60,96.10,86.90,81.50,87.40,84.70,98.80,99.10,94.10,79.00,77.60,71.30,75.60,72.70,71.10,78.90,76.00,73.60,78.80,81.40,79.50,73.90,74.80,82.30,83.10,80.10,79.20,76.80,78.70,78.00,83.80,96.80,93.50,,747636.00,56742629.00,138363218.00
2011-10,7.01,1.29,2.84,3.48,96.20,96.10,120860.00,98.37,97.40,98.56,98.60,98.32,97.51,98.79,98.74,98.48,98.70,98.52,98.25,98.67,98.10,98.09,99.19,98.21,97.99,98.81,98.36,97.88,3470.00,97285.00,169616.00,94.50,85.10,91.40,62.70,74.30,62.50,62.90,76.90,93.70,83.50,87.60,91.20,89.80,88.40,82.60,95.00,95.20,97.80,90.10,81.40,88.90,85.60,99.60,99.00,96.90,78.80,79.80,72.60,75.90,70.80,69.30,74.70,76.30,73.20,78.90,81.00,79.20,73.40,74.10,81.70,82.60,79.80,78.90,77.60,78.50,78.20,84.70,96.80,93.40,,773285.00,59104357.00,144272734.00
2011-11,5.65,1.05,2.68,3.22,96.70,95.70,114856.00,98.34,97.37,98.17,98.68,98.43,96.93,98.58,98.28,98.45,98.38,98.71,97.86,98.59,98.06,98.31,98.57,98.54,98.30,98.88,98.25,98.09,3966.00,221223.00,181963.00,88.10,85.10,91.00,63.10,76.10,68.20,65.00,79.00,91.60,79.30,90.70,88.30,90.10,87.20,80.80,93.80,95.30,96.40,91.80,79.70,89.50,88.70,99.10,98.40,96.20,79.10,79.60,73.60,77.40,73.70,72.00,76.70,76.00,73.20,79.00,80.40,79.50,73.10,74.00,81.40,82.50,80.00,78.90,77.50,79.10,77.50,83.90,96.30,93.00,,767072.00,56291862.00,139725379.00
2011-12,9.89,1.22,2.72,2.74,97.80,96.30,108317.00,98.37,97.75,98.10,98.96,98.61,96.92,98.89,98.56,98.05,98.20,98.52,97.68,98.71,98.28,97.99,98.63,98.60,98.58,98.81,98.34,97.65,3959.00,206463.00,201628.00,96.90,84.80,89.10,64.70,74.60,66.50,68.40,75.50,92.00,77.10,88.70,87.90,88.40,88.50,81.60,94.70,97.30,97.50,88.60,79.20,93.20,88.30,99.80,99.40,92.80,78.80,79.30,72.60,75.40,72.00,70.80,75.80,76.80,74.20,78.60,80.60,79.10,72.40,73.40,81.10,82.20,80.50,78.60,77.80,78.80,77.20,87.10,96.30,93.00,,774905.00,55049742.00,141987712.00
2012-1,6.77,.92,2.78,2.84,97.60,96.10,94536.00,98.70,98.57,98.45,98.85,98.83,97.65,99.19,98.79,99.25,99.11,98.49,98.81,98.73,97.98,98.44,99.67,98.66,98.74,99.23,98.48,98.54,3994.00,34449.00,174687.00,95.30,85.50,89.00,63.10,71.30,66.50,68.20,78.30,89.60,82.60,89.10,94.00,91.20,88.80,84.60,94.70,96.70,95.50,92.00,81.50,90.00,91.00,99.90,99.30,95.70,78.80,78.90,71.40,75.40,73.00,70.90,74.90,75.80,73.70,78.40,79.80,79.20,72.20,73.60,81.80,82.60,79.50,78.40,78.10,78.30,77.60,88.40,96.40,93.20,,757311.00,53239455.00,132772387.00
2012-2,7.01,1.19,2.54,2.71,98.40,96.40,103700.00,98.48,98.38,98.65,99.11,97.71,97.99,98.51,97.46,98.81,98.76,98.42,98.90,98.86,97.83,98.69,99.41,98.54,98.28,99.10,98.39,98.65,4700.00,195599.00,192054.00,96.20,85.30,89.00,67.70,78.00,66.20,68.70,79.70,89.70,85.30,85.60,91.10,90.70,87.30,82.40,94.70,97.60,94.90,90.50,77.30,84.20,88.70,99.50,98.30,96.50,79.10,80.20,73.30,77.10,72.70,73.50,75.40,76.10,73.20,78.60,79.40,79.20,72.20,74.60,82.00,82.80,79.60,78.10,78.00,78.40,77.70,87.70,96.60,93.00,79.10,761343.00,53946511.00,132353517.00
2012-3,7.58,1.10,2.64,3.44,98.20,96.00,118555.00,98.46,97.83,99.14,98.79,98.02,98.34,98.34,98.29,98.98,98.89,98.04,98.30,98.58,98.01,98.46,99.55,98.65,98.63,99.29,98.17,98.39,4810.00,105396.00,174507.00,95.00,86.20,90.00,67.30,77.40,69.50,68.70,80.40,91.00,85.60,88.80,93.80,90.00,85.70,83.30,95.80,96.20,96.90,93.70,79.00,84.50,88.90,99.80,99.60,97.60,79.30,80.60,74.10,78.40,74.50,74.30,76.10,76.10,72.90,78.90,78.50,79.00,72.00,74.20,82.50,82.30,79.00,77.30,78.40,78.60,77.60,89.20,96.50,93.00,,848313.00,60752861.00,147440937.00
2012-4,7.27,.99,2.51,3.29,98.10,96.50,117745.00,98.83,99.05,99.03,98.95,98.06,98.01,98.61,98.59,98.90,99.00,98.44,98.94,98.96,98.76,98.79,99.22,99.17,99.03,98.96,99.16,98.32,4749.00,101421.00,184739.00,98.00,85.00,88.40,65.00,76.40,65.40,66.90,80.70,92.70,83.90,89.20,94.40,91.60,86.00,80.20,90.50,96.50,97.00,90.10,85.80,85.50,88.90,99.70,,98.00,78.90,79.10,72.70,76.40,72.90,71.80,76.10,76.30,72.80,79.00,77.90,79.00,72.80,73.90,83.60,82.80,79.00,77.60,78.50,79.00,77.20,,96.40,93.10,,801730.00,55797244.00,139083547.00
2012-5,4.74,1.44,2.51,3.40,97.80,96.20,124640.00,98.73,99.01,98.70,98.68,98.41,97.68,98.69,98.51,98.84,99.11,98.46,99.03,98.47,98.69,98.67,99.20,99.08,98.27,98.82,99.25,98.48,4255.00,104212.00,174824.00,97.20,83.70,89.40,60.60,71.80,64.40,65.60,81.60,91.70,85.10,88.20,94.40,87.20,86.90,76.60,86.20,95.60,93.20,89.20,80.80,85.60,90.20,99.00,,98.30,79.30,84.40,74.20,77.00,75.70,73.10,80.50,76.50,72.80,79.00,78.00,78.80,72.80,73.90,83.40,82.30,79.40,77.80,79.00,79.30,77.20,,96.00,92.90,,851609.00,60349656.00,148398562.00
2012-6,7.82,1.31,2.78,3.17,97.50,95.70,129906.00,98.72,98.77,98.94,98.77,98.22,97.39,98.78,98.55,98.55,98.83,98.67,98.84,98.74,98.73,98.85,98.96,99.35,98.09,98.74,99.08,98.15,3988.00,50527.00,167642.00,95.50,83.70,90.30,60.20,69.30,64.70,65.90,80.80,87.20,85.10,86.50,91.00,89.50,89.50,78.90,90.20,95.90,93.80,92.30,80.30,86.00,89.60,98.80,,97.60,79.20,83.60,73.80,77.70,74.70,73.50,80.90,76.50,72.70,78.70,78.30,78.30,72.70,73.80,83.60,82.00,79.10,77.60,78.60,79.50,77.60,,96.00,93.00,,797877.00,55703596.00,141989816.00
2012-7,8.25,1.43,2.49,3.45,98.20,95.70,128314.00,99.10,99.23,98.88,99.37,99.22,98.21,98.94,98.63,99.44,99.12,98.82,99.28,99.54,99.01,98.99,99.20,99.46,99.13,98.95,99.23,98.55,3758.00,203160.40,130235.00,95.10,83.00,88.50,62.90,73.80,65.80,69.90,77.60,90.90,84.30,84.70,91.40,87.50,81.40,72.90,91.30,92.30,92.10,88.10,81.00,89.00,89.10,98.90,,97.00,79.20,83.80,74.70,78.70,75.60,73.70,78.50,76.30,72.60,78.50,78.20,78.30,72.60,74.00,83.70,81.60,78.80,77.70,78.70,79.60,77.40,,96.00,92.80,,777300.00,53077065.00,137123261.00
2012-8,4.01,1.02,2.82,3.22,97.10,96.80,137068.00,99.20,99.21,99.11,99.26,99.42,98.52,99.13,99.36,99.37,99.06,98.96,99.12,99.50,98.96,99.20,98.94,99.50,99.28,99.20,99.15,98.89,4437.00,98902.90,130217.00,96.30,82.10,89.40,53.50,70.40,63.10,66.70,78.20,89.90,81.90,87.50,89.90,87.80,82.40,68.20,91.50,96.10,93.60,90.70,81.90,84.20,87.70,99.80,,95.40,79.30,86.10,72.90,76.90,76.20,72.40,81.50,76.60,73.10,79.10,78.60,78.20,73.30,73.20,83.40,81.70,79.30,77.80,79.00,79.10,77.20,,96.30,92.80,,807738.00,53981834.00,139368048.00
2012-9,6.40,1.09,3.10,2.43,97.20,96.20,123741.00,99.25,99.30,99.31,99.32,99.36,98.81,98.99,99.44,99.41,99.43,98.94,98.92,99.32,99.20,99.33,98.82,99.51,99.23,99.42,99.34,99.21,4949.00,64961.00,153417.00,92.40,83.60,86.60,57.00,68.30,63.70,69.10,80.50,92.20,85.00,89.60,89.10,89.50,82.80,85.00,91.40,90.80,96.10,88.60,84.20,86.30,85.00,99.70,,96.00,79.50,85.40,73.40,76.80,74.60,72.70,81.80,77.40,73.30,79.40,78.80,78.40,74.20,73.20,83.60,82.00,80.00,77.70,79.40,79.30,77.00,,96.10,93.30,,759961.00,55187634.00,136962617.00
2012-10,8.52,1.05,2.64,2.94,97.70,96.60,118732.00,99.28,99.31,99.44,99.48,99.47,98.45,99.08,99.44,99.45,99.43,99.27,99.20,99.33,99.26,99.24,99.34,99.37,99.30,99.41,99.41,99.14,5103.00,94070.50,147905.00,93.30,82.60,87.30,54.60,67.60,59.70,61.30,76.90,91.20,81.40,85.00,86.90,86.10,86.60,83.20,92.80,96.70,95.40,89.70,81.80,88.00,89.70,97.50,,95.80,79.50,84.90,74.50,77.60,73.10,71.00,79.00,78.00,73.00,79.40,79.60,78.80,75.50,73.70,84.20,82.40,80.40,78.10,79.50,79.80,76.70,,96.10,93.10,,745773.00,55202371.00,137138044.00
2012-11,5.18,1.18,2.83,2.61,97.20,95.60,111285.00,98.90,99.18,99.28,99.33,98.38,96.84,98.94,99.12,99.05,98.99,98.95,98.85,98.97,99.03,99.08,99.26,99.36,98.36,97.72,99.38,97.61,4994.00,44207.50,168366.00,71.10,80.70,77.70,58.60,71.90,61.50,60.40,79.80,90.90,76.20,80.70,79.10,82.60,86.40,80.40,71.10,97.90,95.40,86.00,77.30,83.20,94.60,100.00,,97.20,79.60,82.10,74.00,78.30,75.20,72.50,80.50,78.30,73.10,79.80,80.00,78.30,75.70,74.00,83.10,82.30,80.30,77.90,78.90,80.00,77.40,,96.20,93.10,,687288.00,51787611.00,124291965.00
2012-12,5.84,1.07,3.30,2.10,97.60,96.00,108745.00,99.17,99.20,99.21,99.19,98.82,98.13,99.38,99.29,99.33,99.43,99.13,99.34,99.24,99.02,99.24,98.18,99.42,99.25,98.88,99.29,97.99,5504.00,63986.70,180610.00,87.30,83.90,90.70,67.60,75.70,68.40,67.80,79.80,88.80,82.40,88.10,90.00,88.20,87.20,82.40,94.40,96.50,96.20,90.30,80.50,87.70,87.50,98.90,,95.40,79.00,82.70,74.30,75.70,71.80,69.80,74.70,77.70,72.70,79.60,80.00,78.50,75.70,75.00,83.60,82.60,80.20,77.70,78.30,80.10,77.80,,96.50,94.10,,747040.00,53221342.00,137234842.00
2013-1,5.13,1.04,3.22,3.26,97.30,95.30,100475.00,99.29,99.25,99.25,99.53,99.31,98.04,99.40,99.38,99.44,99.57,99.18,99.57,99.23,98.98,99.37,98.76,99.45,98.99,99.16,99.45,98.96,5144.00,53348.90,186830.00,95.60,84.10,86.80,59.10,77.30,63.40,62.20,73.70,88.00,89.60,84.50,94.60,88.00,81.10,82.00,89.20,95.60,94.40,84.90,82.10,86.20,83.70,99.40,99.70,98.60,79.60,83.90,74.90,79.90,73.80,71.10,73.90,79.30,73.10,79.50,80.90,78.70,75.40,74.80,83.50,82.10,81.30,77.40,78.40,80.20,77.70,91.70,96.30,94.50,,765489.00,55788332.00,136985100.41
2013-2,5.32,.95,3.43,2.75,97.50,94.50,89496.00,99.15,98.56,99.09,99.18,99.38,98.39,99.35,99.36,99.49,99.61,98.93,99.58,98.98,98.67,99.34,99.18,99.10,99.00,99.15,99.14,99.09,4962.00,92483.50,190135.00,96.90,81.40,83.80,52.40,65.10,56.80,55.90,74.30,86.30,87.50,89.50,93.70,88.30,83.50,76.10,80.90,94.40,95.90,82.80,79.00,81.50,82.20,99.90,95.00,98.30,79.30,81.90,72.70,76.40,73.70,70.80,76.20,79.20,73.30,79.20,81.30,78.50,75.60,74.20,83.20,82.40,81.40,77.50,78.10,80.30,77.40,89.20,95.90,95.10,,678411.00,52375116.00,127917491.26
2013-3,3.64,.92,2.97,3.69,97.00,96.20,108198.00,99.33,98.85,99.16,99.43,99.54,98.69,99.52,99.38,99.33,99.66,99.35,99.51,99.39,99.15,99.37,99.07,99.37,99.08,99.38,99.32,99.18,5657.00,104001.30,188232.00,97.20,85.00,88.50,60.20,72.90,63.40,61.40,75.80,88.00,89.10,92.30,94.40,90.30,88.80,83.60,87.00,96.90,95.20,89.00,82.80,88.30,86.40,99.80,96.80,98.70,79.30,81.50,72.70,77.40,73.30,70.30,76.30,78.40,72.20,79.30,82.10,79.40,75.00,74.20,80.60,80.40,80.80,79.30,79.80,78.40,80.90,91.80,97.00,94.70,,773933.00,57796137.00,142934752.00
2013-4,7.37,.92,2.68,3.39,98.00,96.30,119867.00,99.38,99.04,99.31,99.43,99.51,98.83,99.41,99.41,99.55,99.62,99.36,99.61,99.25,99.25,99.32,99.48,99.46,99.39,99.44,99.39,99.11,5650.00,100355.90,179699.00,93.40,85.20,85.20,61.00,72.20,60.70,62.00,79.20,91.90,90.90,91.70,95.40,90.70,84.70,77.20,86.50,94.60,96.80,87.60,85.20,89.50,86.20,99.50,99.80,99.50,80.10,83.00,75.20,77.80,75.00,71.60,79.30,79.20,73.80,79.30,84.50,78.60,76.40,74.40,83.20,82.20,81.60,77.80,79.10,80.30,78.10,94.20,96.60,96.10,,800195.00,59560909.00,146388413.89
2013-5,6.50,.96,2.60,3.87,97.60,96.20,129637.00,99.24,98.47,99.16,99.42,99.17,98.44,99.41,99.39,99.40,99.52,99.37,99.36,99.20,98.91,99.37,98.88,99.44,99.01,99.32,99.37,98.68,4803.00,110310.10,206211.00,93.10,83.30,85.60,57.50,72.10,57.10,54.80,74.50,91.70,84.60,91.10,91.20,87.40,85.00,81.40,90.60,93.10,95.80,85.10,81.90,85.10,79.40,99.90,99.10,97.70,79.90,82.90,71.90,76.80,74.10,71.00,76.90,78.80,74.50,80.00,84.00,78.80,76.30,75.20,84.00,81.90,82.20,78.20,79.10,79.80,77.40,93.40,97.20,96.90,,808322.00,60105544.00,150544399.00
2013-6,6.51,1.82,2.82,3.74,97.30,96.10,125328.00,99.18,98.81,99.22,99.20,99.03,98.56,99.46,99.28,99.26,99.30,99.43,99.34,99.10,98.96,99.20,98.37,99.41,98.78,99.37,99.33,98.10,4408.00,67408.30,138003.00,93.70,81.80,85.60,55.80,75.30,56.00,56.20,78.50,91.30,80.90,80.40,91.90,80.60,84.50,79.30,85.30,94.40,93.90,85.30,74.80,76.30,77.20,99.40,99.40,95.50,80.30,83.30,72.70,78.30,75.10,71.20,79.10,79.20,74.70,80.50,83.80,79.30,76.10,75.20,84.30,82.10,82.40,78.30,79.40,79.40,77.70,93.70,96.90,96.90,,776602.00,55007828.00,141256868.00
2013-7,11.45,1.17,2.70,3.63,97.40,96.00,135179.00,99.24,98.83,99.15,99.26,99.09,98.73,99.41,99.27,99.30,99.53,99.40,99.49,99.44,99.23,99.01,99.15,99.17,99.32,99.41,99.40,97.80,4154.00,52920.80,114457.00,96.30,80.80,80.70,56.80,71.40,54.50,61.80,76.70,88.50,78.10,84.50,89.60,77.20,77.30,74.10,82.50,94.50,92.90,85.10,82.20,85.30,77.30,98.50,98.70,95.90,80.00,79.50,71.60,76.40,73.20,71.30,79.60,79.50,74.80,80.20,84.10,79.90,76.90,75.70,84.60,81.50,82.80,78.40,79.50,79.20,77.50,92.00,97.00,96.90,,783129.00,54524753.00,140790832.00
2013-8,6.19,1.30,2.51,3.70,97.40,95.70,141504.00,99.27,99.04,99.33,99.14,98.91,98.42,99.48,99.29,99.34,99.35,99.40,99.52,99.44,99.26,99.19,98.99,99.35,99.39,99.48,99.49,97.47,5000.00,107707.00,129081.00,96.20,81.90,80.50,54.00,73.50,51.20,54.90,72.90,91.00,83.20,85.60,94.40,83.40,77.40,67.10,89.40,95.10,93.00,86.90,84.70,87.60,92.50,99.30,99.40,94.90,80.10,81.60,72.50,77.90,73.20,71.40,77.70,79.80,74.10,80.00,84.10,80.20,76.80,76.50,84.50,81.40,82.20,78.80,78.80,79.00,77.80,92.60,96.90,97.30,,793161.00,53706309.00,138694131.77
2013-9,14.52,1.03,2.59,2.93,96.90,95.80,130430.00,99.31,98.12,99.29,99.25,99.40,99.26,99.47,99.42,99.24,99.40,99.44,99.55,99.15,99.39,99.12,99.58,99.40,99.11,99.43,99.49,99.23,4774.00,74941.10,120645.00,98.10,80.70,79.60,58.80,70.50,48.10,54.20,74.10,90.80,76.20,74.60,88.10,75.90,77.60,61.40,85.50,93.70,96.00,85.30,84.80,86.50,95.30,98.90,98.50,96.10,79.80,78.60,73.10,77.40,73.10,70.30,76.70,79.50,74.10,79.20,83.90,80.40,76.40,76.50,83.60,81.20,82.10,78.20,78.80,78.90,78.70,92.30,97.10,96.60,,770345.00,57166478.00,141551981.00
2013-10,8.61,1.19,2.44,3.53,96.70,95.90,140905.00,99.30,98.84,99.17,99.15,99.60,99.30,99.39,99.34,99.29,99.38,99.41,99.50,99.27,99.25,99.27,99.55,99.27,98.96,99.35,99.51,99.26,5159.00,39934.00,163587.00,93.90,81.10,86.60,54.80,70.70,46.90,50.30,67.80,89.20,79.80,82.90,90.60,79.00,79.90,66.90,85.30,94.40,96.30,88.00,83.10,90.00,93.70,97.30,98.80,95.50,79.90,83.80,74.00,78.70,72.80,69.90,75.90,78.60,74.30,79.20,83.70,79.50,75.00,76.60,82.90,80.60,81.90,77.70,78.80,78.80,80.30,91.20,97.30,96.70,,844119.00,63165156.00,156450636.00
2013-11,7.26,1.36,3.00,3.04,96.80,95.90,119138.00,99.30,98.81,98.87,99.15,99.53,99.27,99.30,99.25,99.33,99.41,99.35,99.43,99.26,99.30,99.24,99.50,99.42,99.05,99.26,99.55,99.39,4937.00,108582.00,150892.00,85.10,78.90,86.20,48.30,66.40,46.00,48.40,63.50,81.90,78.50,63.90,89.00,81.50,80.60,66.10,82.60,92.80,95.10,85.10,82.60,91.00,94.00,99.90,98.20,96.50,79.60,83.20,72.90,77.40,71.80,68.10,74.30,78.10,74.20,79.00,83.50,79.50,74.90,75.90,83.30,81.10,82.40,78.20,79.80,78.80,80.20,93.10,97.40,96.20,,745418.00,55159303.00,141464184.00
2013-12,8.42,1.15,3.77,3.38,97.20,95.50,106656.00,99.10,98.60,99.04,98.80,99.36,99.08,99.44,99.24,99.30,99.44,98.60,99.45,98.63,99.30,99.00,98.90,98.88,99.25,99.10,99.50,98.61,4984.00,57167.00,141700.00,97.20,78.10,83.40,51.90,69.30,51.50,53.50,57.50,84.10,79.90,75.10,89.60,80.50,76.40,59.40,86.90,91.90,87.90,79.00,82.80,89.80,92.20,99.90,95.50,96.50,79.50,82.00,72.70,78.90,73.30,69.40,71.40,78.60,73.70,79.10,83.00,79.40,75.00,75.20,82.20,80.70,81.70,78.90,80.30,78.90,80.80,91.60,97.30,95.50,,727261.00,53181046.00,142545974.00
2014-1,3.95,1.12,3.76,3.31,96.60,95.60,86663.00,98.67,97.89,98.83,96.98,98.91,98.11,99.07,99.32,99.03,99.11,98.88,99.37,97.18,98.88,98.79,99.40,98.60,98.08,98.03,99.45,99.32,3511.00,34423.00,122526.00,94.30,73.10,74.30,42.40,62.60,41.10,40.40,55.30,85.30,72.50,73.10,82.50,74.60,72.80,58.40,83.50,87.10,90.30,74.30,67.80,74.40,86.50,98.10,95.90,92.50,78.50,76.70,68.60,75.60,69.40,66.20,69.70,78.40,72.20,79.30,82.10,79.40,75.00,74.20,80.60,80.40,80.80,79.30,79.80,78.40,80.90,87.60,97.00,94.70,,662079.00,51002214.00,137104015.00
2014-2,7.51,.73,2.91,3.65,96.60,95.30,76729.00,98.47,97.49,97.63,97.24,98.39,98.43,99.18,99.15,98.97,98.75,98.04,99.09,97.46,98.55,98.43,98.49,98.46,98.09,98.15,99.33,99.10,3659.00,189432.00,125518.00,93.50,68.70,73.20,29.40,53.20,35.40,32.00,42.50,84.40,69.40,68.70,80.90,69.80,72.90,44.80,78.90,84.50,92.30,72.90,59.00,66.50,85.60,97.70,95.50,93.30,79.00,81.10,72.00,77.00,72.90,69.70,75.30,78.50,71.80,79.00,80.70,79.50,74.90,74.50,80.30,80.10,79.90,79.20,80.40,78.40,81.30,91.60,97.00,93.80,,613793.00,48252763.00,129798394.00
2014-3,6.35,.89,2.64,3.43,97.00,95.40,105389.00,99.06,97.99,98.82,98.45,99.37,99.08,99.41,99.22,99.41,99.26,99.08,99.32,98.80,99.22,99.14,98.60,99.01,98.30,98.96,99.47,99.44,4480.00,54057.00,146164.00,92.80,74.60,76.40,40.20,58.30,40.20,40.30,57.20,88.20,74.00,78.50,82.90,82.60,65.40,54.20,85.90,88.10,93.90,74.30,78.80,81.50,89.30,98.10,96.00,96.40,78.60,80.80,71.70,76.80,72.60,69.40,74.70,78.20,70.40,78.60,80.40,79.40,74.90,74.10,79.70,79.40,80.10,79.30,80.10,78.20,81.10,91.60,96.50,91.70,,778226.00,59237901.00,148399611.00
2014-4,5.52,1.16,2.08,2.73,97.00,95.40,119391.00,99.25,98.59,99.19,99.03,99.40,98.96,99.42,99.19,99.37,99.34,99.37,99.44,99.03,99.26,99.03,99.53,99.41,98.99,99.12,99.53,99.45,4256.00,58957.00,149045.00,94.20,75.70,81.40,41.90,62.40,44.80,47.10,53.10,90.30,78.50,77.40,88.40,77.40,71.20,56.20,75.30,89.50,95.20,82.60,72.30,79.60,88.70,98.50,98.00,97.20,78.20,80.70,71.50,76.80,72.40,69.20,73.90,76.60,70.40,78.30,79.50,79.70,74.60,73.60,78.60,78.50,79.60,79.30,79.20,78.10,82.00,91.20,96.50,90.80,,768029.00,56943475.00,147926218.00
2014-5,7.41,1.55,2.70,3.80,95.20,94.50,132373.00,99.02,98.19,98.78,98.63,99.39,98.29,99.40,99.23,99.16,98.67,99.08,99.33,98.68,99.18,98.96,98.72,99.34,98.33,98.65,99.45,99.37,4188.00,225257.00,140548.00,93.00,72.60,78.50,40.10,58.40,42.90,44.30,51.20,88.30,73.20,72.30,86.20,75.00,61.20,44.80,78.10,86.10,95.50,68.80,74.60,81.10,83.90,99.40,98.00,94.90,77.70,80.50,71.50,76.70,72.20,69.00,73.50,76.30,68.60,77.90,79.90,79.20,72.40,72.10,77.00,79.50,78.90,78.20,79.50,78.70,82.60,90.80,96.60,89.20,,776234.00,59972215.00,152779557.00
2014-6,5.53,1.21,2.28,3.44,95.20,94.50,136532.00,98.94,97.63,98.39,98.63,99.46,98.45,99.32,99.13,99.16,99.03,99.03,99.33,98.49,99.02,98.75,99.09,99.12,97.94,98.92,99.56,99.26,3970.00,215785.00,145955.00,92.40,74.40,77.70,45.60,67.40,45.10,37.60,63.30,88.70,75.00,73.90,85.30,72.00,71.50,46.80,71.30,87.30,91.90,72.30,73.30,76.30,87.40,99.80,99.00,95.70,77.70,80.40,71.50,76.70,71.90,68.80,73.10,75.10,69.10,78.70,80.50,79.40,72.60,70.90,76.40,79.30,78.80,77.90,79.80,79.00,82.60,90.80,96.70,89.40,,761990.00,56216411.00,147972716.00
2014-7,5.41,1.33,2.31,3.23,96.90,94.90,141757.00,99.22,98.67,98.91,98.91,99.63,98.97,99.34,99.26,99.33,99.22,99.15,99.43,98.99,99.24,99.07,99.43,99.34,99.10,99.14,99.47,99.50,3930.00,75883.00,134709.00,92.30,76.90,79.50,56.00,70.20,51.40,50.60,60.00,91.10,74.60,77.00,83.50,73.40,73.90,54.70,80.10,88.30,94.40,76.90,75.00,81.10,86.60,99.50,98.80,95.50,77.80,80.30,71.60,76.90,71.70,68.60,72.30,75.10,69.60,79.10,80.60,79.70,72.90,70.80,76.60,80.10,79.20,77.80,80.40,79.60,82.90,91.00,96.60,89.60,,761813.00,54949008.00,146387263.00
2014-8,5.93,1.32,2.45,3.01,96.00,96.10,145575.00,99.18,98.68,98.72,98.91,99.58,99.22,99.43,99.05,99.30,99.21,99.04,99.36,98.65,99.31,99.24,99.17,99.22,99.10,98.97,99.53,99.39,4478.00,44913.00,143576.00,90.80,77.90,79.90,53.30,73.20,55.20,48.40,60.70,92.40,71.50,78.20,82.90,74.70,75.50,56.20,89.70,82.00,94.70,76.30,78.10,84.20,88.90,99.60,99.80,96.00,78.20,80.20,71.40,76.90,71.70,68.30,71.70,75.90,70.50,79.60,80.60,81.00,74.10,71.50,78.10,80.50,80.50,78.60,81.30,79.90,83.20,91.20,96.20,89.20,,750477.00,52351543.00,140032698.00
2014-9,6.76,1.18,2.30,3.06,95.90,95.20,142161.00,99.19,98.55,98.98,98.87,99.61,99.28,99.49,99.25,99.49,99.30,99.33,99.49,98.47,99.35,99.22,99.60,99.37,98.16,99.02,99.47,99.51,4457.00,54883.00,145697.00,92.40,76.70,84.40,56.80,76.10,52.40,47.40,56.20,90.00,74.60,82.70,85.30,76.30,72.10,55.80,76.00,86.20,95.90,74.80,76.50,83.50,77.60,99.40,98.90,95.70,78.20,80.20,71.40,76.90,71.70,68.30,71.70,75.90,70.50,79.60,80.60,81.00,74.10,71.50,78.10,80.50,80.50,78.60,81.30,79.90,83.20,91.20,96.20,89.20,,750440.00,58388972.00,149379082.00
2014-10,8.75,1.31,2.63,3.75,96.80,94.50,142244.00,99.20,98.29,98.71,99.07,99.57,99.35,99.45,99.22,99.43,99.37,99.15,99.46,98.95,99.34,99.12,99.32,99.37,98.35,99.24,99.48,99.43,4577.00,115410.00,153211.00,90.20,74.30,83.80,54.60,71.40,45.60,41.10,46.80,84.60,70.40,78.50,82.50,75.20,76.10,64.20,76.70,88.20,94.10,79.20,69.50,78.20,71.20,99.80,97.50,94.70,78.20,80.30,71.50,77.20,71.60,67.80,70.10,75.60,69.60,79.70,80.10,82.00,74.00,70.70,79.70,81.70,81.30,78.80,81.50,79.70,82.20,91.30,95.70,89.30,,792483.00,62068673.00,160094868.00
2014-11,7.15,.98,2.63,3.03,96.60,94.80,116401.00,99.11,98.36,98.51,98.49,99.59,99.25,99.46,99.25,99.33,99.23,99.09,99.44,99.04,99.18,99.17,99.48,99.24,98.46,99.00,99.27,99.37,4616.00,65802.00,135209.00,80.10,70.00,81.10,46.70,67.40,43.00,37.80,46.60,81.40,65.20,62.40,79.20,74.50,72.60,54.90,72.50,86.30,96.00,70.30,64.60,55.20,59.30,99.30,99.40,95.50,78.20,80.10,71.60,77.30,71.40,67.60,69.20,75.90,69.40,79.80,80.50,82.20,74.10,70.80,80.40,81.50,81.50,78.70,81.10,79.60,81.50,91.40,95.70,89.40,,715956.00,53196372.00,141224462.00
2014-12,7.59,1.09,2.95,3.16,96.80,94.70,118725.00,99.12,98.74,98.49,98.23,99.61,98.81,99.44,99.15,99.39,99.16,99.12,99.39,98.75,99.39,99.38,99.16,99.30,98.35,99.14,99.57,99.24,4883.00,106746.00,159179.00,90.10,72.20,74.00,48.90,70.50,50.90,46.60,51.10,87.90,69.00,70.60,84.40,75.30,76.80,64.60,69.80,82.50,92.30,74.00,63.20,63.30,62.50,99.30,93.30,96.90,78.80,79.80,71.70,77.40,71.40,67.40,68.80,75.70,69.60,79.90,81.00,82.30,74.50,71.00,80.90,81.70,82.00,78.60,80.90,80.00,81.30,90.50,95.50,89.70,,752762.00,54329963.00,150150167.00
2015-1,9.60,1.07,3.28,3.73,96.40,94.50,91459.00,97.61,96.13,99.51,96.51,98.50,97.65,97.77,97.33,96.87,97.76,97.88,98.64,97.73,97.45,95.82,94.98,98.05,96.71,98.41,98.79,98.39,4631.00,27396.00,142317.00,94.30,72.00,76.20,47.30,68.60,48.40,49.30,51.80,86.00,67.60,76.80,84.00,76.10,69.10,57.90,69.90,80.30,92.90,70.80,68.50,69.90,61.80,99.30,98.00,95.40,78.90,80.00,72.10,77.60,71.50,67.60,68.70,76.00,69.80,80.00,81.00,81.90,74.60,71.30,81.80,81.70,82.00,79.00,80.90,80.20,81.10,90.60,95.90,89.80,,647955.00,49654222.00,133769924.00
2015-2,5.64,.97,3.38,3.40,96.50,94.50,76662.00,98.48,97.45,,96.19,98.99,98.80,99.36,98.57,99.14,97.95,97.74,98.99,98.02,98.71,99.00,98.17,98.70,97.70,98.56,99.16,99.13,4078.00,25927.00,118482.00,96.70,66.30,70.70,37.00,58.70,42.50,40.30,40.00,77.20,63.00,68.40,78.50,67.20,69.20,53.10,69.50,72.20,86.40,65.80,61.40,67.50,57.80,99.20,99.60,94.20,78.90,80.00,72.60,78.00,71.60,67.70,68.30,76.10,69.60,80.10,81.50,81.50,75.00,71.30,81.80,81.60,82.10,78.60,80.30,80.20,80.90,90.90,95.70,90.00,,631880.00,47545151.00,130778251.00
2015-3,5.75,1.03,2.94,3.74,96.50,94.10,102570.00,98.85,98.06,,97.51,99.20,98.46,99.48,99.06,98.99,99.05,98.60,99.01,98.02,99.22,99.13,99.18,99.08,98.12,99.02,99.28,99.26,4209.00,23525.00,143146.00,95.00,69.50,74.90,43.50,63.70,39.80,38.90,40.30,80.70,65.60,79.70,80.00,77.00,71.30,57.30,63.30,80.30,91.90,67.40,72.10,75.90,57.80,99.10,99.50,95.40,78.90,80.10,72.70,78.20,71.60,67.50,67.90,76.00,69.90,79.80,81.30,81.60,75.50,72.10,81.60,81.60,81.70,78.40,79.90,80.20,80.10,91.10,96.10,91.10,,769511.00,57323440.00,153076928.00
2015-4,4.83,1.11,2.25,3.17,96.50,94.00,120024.00,99.22,97.79,,98.91,99.60,99.48,99.51,99.28,99.47,99.31,99.04,99.46,98.98,99.47,99.33,99.56,99.15,98.64,99.41,99.40,99.54,4865.00,103252.00,157519.00,95.80,71.40,77.40,46.60,67.00,43.80,44.10,41.70,79.70,71.30,81.50,85.80,78.40,71.60,62.30,64.90,79.50,92.40,72.60,73.00,78.30,60.20,99.80,99.30,96.10,78.80,79.80,72.70,78.30,71.60,67.30,67.60,76.10,69.50,79.90,80.80,81.00,75.20,72.20,81.30,81.00,81.50,78.00,80.70,80.50,78.90,91.30,95.60,91.20,,774742.00,55191877.00,150348150.00
2015-5,7.43,1.17,2.05,3.53,97.30,94.30,134253.00,99.00,97.89,,98.71,99.48,99.07,99.42,99.18,99.34,99.07,98.94,99.16,98.47,99.36,99.35,99.07,98.98,97.25,99.23,99.37,99.26,4497.00,43054.50,161720.00,96.10,69.90,78.70,44.30,67.10,41.60,40.20,50.00,83.30,67.30,77.10,79.40,75.10,66.80,59.40,66.80,72.10,95.30,67.90,64.80,68.40,55.30,100.00,97.00,94.50,78.60,79.70,72.70,78.50,71.50,67.10,67.30,76.00,69.00,79.60,81.00,80.80,76.00,72.50,81.80,79.60,81.70,77.90,79.60,79.80,78.00,91.20,95.40,91.80,,769217.00,57124900.00,151418931.00
2015-6,7.29,1.55,2.21,3.80,96.40,93.90,131518.00,98.90,97.27,,98.27,99.41,99.07,99.20,99.10,99.36,99.22,98.65,98.89,98.59,99.33,98.84,99.07,99.09,97.58,99.21,99.25,99.50,4038.00,109011.40,141061.00,96.70,69.90,80.70,42.70,68.70,43.10,40.40,47.40,84.40,67.30,76.90,79.60,73.40,72.10,60.10,63.10,67.80,90.50,70.00,64.40,70.70,55.60,99.90,97.90,96.00,78.40,79.60,72.70,78.60,71.50,67.00,66.60,76.00,68.60,78.80,80.50,81.00,75.70,72.60,82.00,79.70,81.60,77.80,79.10,79.80,76.90,90.70,95.70,91.60,,766940.00,54947346.00,152034275.00
2015-7,4.62,1.69,2.03,3.37,96.70,93.80,136327.00,99.16,98.14,.00,98.49,99.30,99.35,99.41,99.15,99.37,99.27,99.27,99.42,98.89,99.35,99.00,99.24,99.20,98.63,99.36,99.41,99.38,4172.00,74376.00,114591.00,97.60,69.40,73.40,41.40,65.70,42.80,38.70,50.00,83.80,64.90,75.80,77.40,72.80,68.60,57.10,64.50,74.20,90.50,69.90,68.00,69.70,59.90,99.70,99.40,95.20,78.20,79.40,72.70,78.50,71.50,66.80,66.60,75.30,68.00,78.50,80.00,80.30,75.40,72.60,81.80,79.80,81.30,77.90,78.80,79.10,76.30,90.60,95.50,91.50,,759993.00,53374702.00,148098272.00
2015-8,5.68,1.70,2.20,3.25,96.70,94.60,143849.00,99.23,98.68,.00,98.91,99.53,99.43,99.37,98.99,99.34,99.07,99.21,99.31,99.09,99.30,99.23,99.46,99.35,98.94,99.42,99.39,99.45,4304.00,106369.00,137149.00,97.70,71.80,79.90,40.50,64.20,44.50,34.80,56.00,88.10,67.60,78.30,84.50,74.60,71.60,57.60,66.90,77.00,93.10,69.00,66.80,75.50,63.70,99.60,99.40,95.70,77.90,79.30,72.70,78.40,71.30,66.70,66.40,75.00,67.70,78.00,79.90,79.50,75.60,72.20,81.40,79.10,80.50,77.10,77.90,78.80,75.10,90.50,95.50,92.10,,744925.00,51054063.00,139974023.00
2015-9,6.53,1.32,2.28,3.67,96.60,94.80,137377.00,99.28,98.29,.00,99.21,99.44,99.49,99.44,98.97,99.43,99.37,99.47,99.17,98.96,99.37,99.35,99.52,99.29,99.14,99.42,99.41,99.49,4827.00,43081.00,117445.00,96.80,69.90,78.70,45.40,66.50,43.80,38.10,45.00,81.40,62.20,81.20,72.90,74.10,65.00,56.70,67.60,70.20,94.70,74.10,66.60,78.10,63.00,99.90,99.20,96.30,77.60,79.00,72.50,78.20,71.10,66.50,66.40,74.80,67.80,77.90,79.90,78.50,75.50,71.80,81.20,79.00,79.90,77.20,77.30,78.70,74.40,90.30,95.80,91.60,,723120.00,54392233.00,146515000.00
2015-10,8.71,1.27,2.39,4.04,96.60,94.80,134115.00,99.26,98.34,.00,99.37,99.52,99.36,99.46,99.11,99.43,99.47,99.36,99.18,98.85,99.34,99.26,99.63,99.04,99.07,99.38,99.47,99.46,5066.00,223999.00,123241.00,95.50,67.50,72.40,41.10,61.60,41.30,36.00,37.70,86.10,62.50,80.50,73.80,73.40,63.90,53.60,65.40,66.10,89.90,69.00,67.10,73.90,58.70,98.80,98.20,96.30,77.50,78.60,72.50,78.10,71.10,66.50,66.30,75.00,68.00,78.20,79.30,78.60,75.10,72.10,81.00,77.20,79.10,76.80,76.90,78.90,74.70,89.90,96.10,92.00,,771463.00,58449039.00,161124042.00
2015-11,6.69,1.06,2.46,3.71,96.40,94.60,123865.00,99.25,98.08,.00,99.24,99.58,99.50,99.47,99.29,99.35,99.21,99.43,99.18,98.53,99.36,99.36,99.48,99.33,98.90,99.41,99.43,99.49,5699.00,71642.00,124051.00,85.60,67.50,75.30,41.70,65.80,42.70,38.90,44.50,82.70,67.00,64.30,75.20,71.00,71.00,55.20,70.90,66.30,92.40,67.90,54.50,49.40,55.50,99.60,99.50,97.20,77.40,78.40,72.40,78.20,71.20,66.60,66.60,74.80,68.00,78.10,78.80,78.40,74.70,72.30,81.10,76.70,78.90,77.10,77.10,78.70,74.50,89.80,96.30,92.00,,721805.00,52985130.00,144519447.00
2015-12,7.54,.87,2.74,3.22,95.90,93.60,122524.00,99.26,98.14,.00,99.55,99.54,99.15,99.40,99.24,99.35,99.19,99.36,99.04,98.93,99.39,99.27,99.45,99.21,99.18,99.30,99.43,99.51,5736.00,113242.00,116135.00,95.90,69.50,76.40,42.50,64.40,44.40,38.20,48.50,81.10,70.10,75.30,74.80,72.70,68.50,56.90,78.70,65.80,91.40,69.00,64.80,67.80,59.60,99.30,98.60,96.00,77.40,78.50,72.20,78.00,71.10,66.50,66.80,74.90,67.40,78.10,78.00,78.40,74.40,72.10,81.30,77.10,78.20,77.10,77.70,78.50,74.40,90.60,96.50,91.70,,746994.00,58610335.00,150834412.00
2016-1,8.01,1.22,3.13,3.98,95.50,93.60,94909.00,97.15,96.38,,96.70,98.73,97.90,96.74,97.55,96.19,95.89,97.32,95.74,96.79,98.22,97.55,99.52,97.37,96.45,98.00,97.63,97.42,5800.00,219689.00,115580.00,95.70,67.90,77.10,41.40,63.80,40.20,37.80,45.50,78.00,66.00,69.30,78.30,69.80,68.90,56.30,79.10,61.00,88.20,65.70,61.70,65.50,61.20,100.00,99.00,96.10,77.40,78.50,72.00,77.70,70.80,66.20,66.60,74.50,67.90,77.60,78.00,78.90,74.70,72.30,81.20,77.70,77.80,76.70,77.60,78.70,74.80,91.00,96.40,91.90,,657980.00,49049885.00,136398047.00
2016-2,3.67,.89,,2.72,95.90,93.10,99104.00,99.33,98.41,,99.43,99.70,99.50,99.47,99.12,99.43,99.38,99.25,99.15,99.20,99.47,99.40,99.68,99.34,99.37,99.30,99.32,99.64,5372.00,206320.00,108560.00,96.60,67.80,75.50,40.00,62.30,36.40,37.90,42.00,73.60,65.40,70.80,77.00,65.60,68.10,59.50,81.30,70.40,90.20,69.10,61.20,71.70,59.80,99.80,99.70,97.20,77.60,78.80,72.10,77.80,70.60,66.30,66.90,74.00,68.70,77.30,77.80,79.90,75.00,72.70,81.40,78.10,77.80,77.50,78.50,79.30,74.60,91.10,96.30,92.30,,694394.00,50327673.00,136664250.00
2016-3,,,,,,,,99.41,98.72,,99.47,99.65,99.53,99.45,99.23,99.49,99.31,99.49,99.37,99.51,99.43,99.40,99.81,99.45,99.35,99.36,99.40,99.70,,,,,,,,,,,,,,,,,,,,,,,,,,,,,,,,,,,,,,,,,,,,,,,,,,,,,,,,
